<?xml version="1.0" encoding="UTF-8"?>
<extension version="3.4.5" type="plugin" group="vmpayment">
    <name>Ogcheckout</name>
    <creationDate>June 18 2020</creationDate>
    <author>VirtueMart Development Team, Ogcheckout Holdings Limited</author>
    <authorUrl>https://virtuemart.net</authorUrl>
    <copyright>Copyright (C) 2020 Virtuemart Team. All rights reserved., Copyright (C) 2019 Ogcheckout.</copyright>
    <license>http://www.gnu.org/licenses/gpl-3.0.html GNU/GPL</license>
    <version>3.8.4</version>
    <description><![CDATA[<a href="http://www.ogcheckout.com" target="_blank">ogcheckout</a> is a popular
  payment provider authorised by the Financial Services Authority of the United Kingdom (FSA). ]]></description>
    <files>
        <filename plugin="ogcheckout">ogcheckout.php</filename>
        <folder>language</folder>
        <folder>ogcheckout/assets</folder>
        <folder>ogcheckout/fields</folder>
        <folder>ogcheckout/helpers</folder>
        <folder>ogcheckout/tmpl</folder>
    </files>
    <vmconfig>
        <fields name="params">
            <fieldset name="basic" addfieldpath="/plugins/vmpayment/ogcheckout/ogcheckout/fields">
                <!-- Account Credentials -->
                <field name="checkConditionsCore" value="1" default="1" type="hidden" />
                 <field type="vmtitle" default="VMPAYMENT_OGCHECKOUT_ACCOUNT_PARAMS"/>
                <field type="text"  class="base" name="ogcheckout_merchant_name" size="50" label="OGCHECKOUT_BACKEND_MID" default="" description="OGCHECKOUT_BACKEND_MID_TIP" />
                <field type="text"  class="base" name="ogcheckout_auth_key" size="50" label="Auth Key" default="" />
                <field type="text"  class="base" name="ogcheckout_secret_key" size="50" label="Secret Key" default="" description="Enter Secret Key" />
                <field type="text"  class="base" name="ogcheckout_end_point_url" size="50" label="Endpoint URL" default="" />
                <field type="text" class="base" name="ogcheckout_tunnel" size="50" label="Tunnel" default="" />
                <field name="ogcheckout_payment_method" class="base" type="list" default="" label="Payment Form Type">
                    <option value="1">Customize Your Payment Form</option>
                    <option value="0">Og Checkout Payment Form</option>
                </field>

                <field type="text"  name="ogcheckout_method" size="50" class="mt" label="Method" default=""  />
                <field type="vmtitle" class="ogcheckout-countries" default="" description="OGCHECKOUT_METHOD_HINT"/>
                <field type="text"  name="ogcheckout_currency" size="50" class="pc" label="Payment Currency" default="" />
                <field type="vmtitle" class="ogcheckout-countries" default="" description="OGCHECKOUT_MSG_HINT"/>

                <field type="getogcheckout" name="getogcheckout"  default="" /> 

                                <!-- Order Status -->
               <field type="vmtitle" default="VMPAYMENT_OGCHECKOUT_ORDER_STATUS_SECTION"
                       description=""/>
                <field name="status_success" type="vmorderstate" scope="com_virtuemart" default="C"
                       label="VMPAYMENT_OGCHECKOUT_STATUS_SUCCESS" description="VMPAYMENT_SKRILL_STATUS_SUCCESS_TIP"/>
                <field name="status_canceled" type="vmorderstate" scope="com_virtuemart" default="X"
                       label="VMPAYMENT_OGCHECKOUT_STATUS_FAILED" description="VMPAYMENT_OGCHECKOUT_STATUS_FAILED_TIP"/> 

            </fieldset>
        </fields>
    </vmconfig>
    <vmconfig>
        <fieldset></fieldset>
    </vmconfig>
</extension>